<?xml version="1.0" encoding="UTF-8"?>
<!DOCTYPE mapper 
  PUBLIC "-//mybatis.org//DTD Mapper 3.0//EN"
  "http://mybatis.org/dtd/mybatis-3-mapper.dtd">
<mapper namespace="com.mycompany.dao">
    <select id="mysqlVersion" resultType="String">
        SELECT VERSION()
    </select>
    <insert id="insertBooking" parameterType="com.mycompany.dao.Booking">
        
        INSERT INTO bookings 
        (location_number, id_client, client, agency, id_agency, price, room, 
        id_type, hotel, id_hotel, check_in, room_nights)
        VALUES (#{location_number}, #{ id_client}, #{client}, #{agency}, 
        #{id_agency}, #{price}, #{room}, #{id_type}, #{hotel}, #{id_hotel}, 
        #{check_in}, #{room_nights})
    </insert>
    <select id="selectAllData" resultType="com.mycompany.dao.Booking">
        SELECT * FROM bookings
    </select>
    <select id="deleteData" statementType="CALLABLE">
        { CALL deleteAllData() }
    </select>
    <select id="selectById" resultType="int" parameterType="int">
        SELECT location_number FROM bookings WHERE location_number = #{locationNumber}
    </select>
    <select id="saveDataToCsv">
        SELECT *
        INTO OUTFILE #{csvFilePath}
        FIELDS TERMINATED BY ',' OPTIONALLY ENCLOSED BY '"'
        LINES TERMINATED BY '\n'
        FROM bookings;
    </select>
    <update id="deleteById">
        delete from bookings where location_number = #{locationNumber}
    </update>
    <update id="updateBooking" parameterType="com.mycompany.dao.updateBooking">
        UPDATE bookings
        SET
        location_number = #{newLocationNumber},
        id_client = #{id_client},
        client = #{client},
        agency = #{agency},
        id_agency = #{id_agency},
        price = #{price},
        room = #{room},
        id_type = #{id_type},
        hotel = #{hotel},
        id_hotel = #{id_hotel},
        check_in = #{check_in},
        room_nights = #{room_nights}
        WHERE location_number = #{location_number}
    </update>

</mapper>