<?xml version="1.0" encoding="UTF-8"?>
<!DOCTYPE configuration 
  PUBLIC "-//mybatis.org//DTD Config 3.0//EN"
  "http://mybatis.org/dtd/mybatis-3-config.dtd">
<configuration>
    <environments default="development">
        <environment id="development">
            <transactionManager type="JDBC"/> 
            <dataSource type="UNPOOLED">
                <property name="driver" value="com.mysql.cj.jdbc.Driver"/>
                <property name="url" value="jdbc:mysql://localhost:3306/mybatis"/>
                <property name="username" value="root"/>
                <property name="password" value=""/>                
            </dataSource>               
        </environment>
    </environments>
    <mappers>
        <mapper resource="Mapper.xml"/>
    </mappers>
</configuration>